{
  "rewards": [
    0,
    0.49375,
    0,
    0,
    0,
    0,
    0,
    0.17031249999999998
  ],
  "losses": [
    0.10477819428160728,
    0.05279705590671963,
    0.019033671159945698,
    0.01275116985806335,
    0.0028346677604105253,
    0.001770299483318638,
    0.0010260635747627589,
    0.0006130245569539064
  ],
  "epsilons": [
    0.6034647297788965,
    0.3641696800871167,
    0.21976355758743915,
    0.132619555894753,
    0.08003122446142442,
    0.05,
    0.05,
    0.05
  ],
  "episode_lengths": [],
  "eval_rewards": [
    0.0,
    0.0,
    0.0,
    0.0,
    0.0,
    0.0,
    0.0,
    0.0
  ]
}