{
  "rewards": [
    0.62734375,
    0.433984375,
    0,
    0,
    0.48320312499999996,
    0.20195312499999996
  ],
  "losses": [
    0.0009535436077402544,
    0.011748006973366445,
    0.021909145971790167,
    0.03179554455539346,
    0.01856095840256395,
    0.01570599677551708
  ],
  "epsilons": [
    0.8170728068875467,
    0.6676079717550942,
    0.5454843193824369,
    0.44570040395095073,
    0.3641696800871167,
    0.2975531426921204
  ],
  "episode_lengths": [],
  "eval_rewards": [
    0.0,
    0.0,
    0.0,
    0.0,
    0.0,
    0.0
  ]
}