{
  "epoch": 449,
  "best_score": 0.9578124999999998,
  "metrics": {
    "eval_reward": 0.9578124999999998,
    "success_rate": 1.0
  },
  "timestamp": "2026-02-12T21:59:18.723700"
}