{
  "rewards": [
    0,
    0,
    0,
    0,
    0,
    0
  ],
  "losses": [
    0.03272882165970259,
    0.09073769864448877,
    0.038282100296214594,
    0.0264178804986841,
    0.018717692252266716,
    0.019474687916044786
  ],
  "epsilons": [
    0.34867844010000015,
    0.12157665459056936,
    0.042391158275216244,
    0.014780882941434608,
    0.01,
    0.01
  ],
  "episode_lengths": [],
  "eval_rewards": [
    0.0,
    0.0,
    0.0,
    0.0,
    0.0,
    0.0
  ]
}