{
  "rewards": [
    0.64140625,
    0,
    0.33906249999999993,
    0,
    0.6695312499999999,
    0.764453125,
    0.83125,
    0.841796875,
    0.729296875,
    0.848828125,
    0.912109375
  ],
  "losses": [
    0.0012202521561537687,
    0.0021195411351726534,
    0.0018054514121297659,
    0.0007820048969922055,
    0.0007637102697388284,
    0.0007900330108000094,
    0.0008327313503665815,
    0.0019109102924832972,
    0.0016717908122216188,
    0.0008393465994781447,
    0.0014283766719745473
  ],
  "epsilons": [
    0.6676079717550942,
    0.44570040395095073,
    0.2975531426921204,
    0.19864885008204067,
    0.132619555894753,
    0.08853787272595742,
    0.05910858963408712,
    0.05,
    0.05,
    0.05,
    0.05
  ],
  "episode_lengths": [],
  "eval_rewards": [
    0.0,
    0.0,
    0.0,
    0.0,
    0.0,
    0.0,
    0.0,
    0.0,
    0.0,
    0.0,
    0.0
  ]
}